deposition_code,sex,register,register_label
T14-001,m,0,T14
T14-002-001,f,0,T14
T14-002-002,f,0,T14
T14-002-003,f,0,T14
T14-003-001,f,0,T14
T14-003-002,f,0,T14
T14-004,m,0,T14
T14-004.1,m,0,T14
T14-004.2,m,0,T14
T14-004.3,m,0,T14
T14-004.4,m,0,T14
T14-004.5,m,0,T14
T14-004.6,m,0,T14
T14-004.7,m,0,T14
T14-005-001,m,0,T14
T14-005-002,m,0,T14
T14-006,m,0,T14
T14-007-001,m,0,T14
T14-007-002,m,0,T14
T14-008-001,m,0,T14
T14-008-002,m,0,T14
T14-009-001,m,0,T14
T14-009-002,m,0,T14
T14-010-001,m,0,T14
T14-010-002,m,0,T14
T14-011,m,0,T14
T14-012-001,m,0,T14
T14-012-002,m,0,T14
T14-012-003,m,0,T14
T14-012-004,m,0,T14
T14-013,m,0,T14
T14-014,m,0,T14
T14-015-001,f,0,T14
T14-015-002,f,0,T14
T14-015-003,f,0,T14
T14-016-001,f,0,T14
T14-016-002,f,0,T14
T14-016-003,f,0,T14
T14-017-001,f,0,T14
T14-017-002,f,0,T14
T14-017-003,f,0,T14
T14-018-001,f,0,T14
T14-018-002,f,0,T14
T14-019,m,0,T14
T14-020,m,0,T14
T14-021,m,0,T14
T14-022,m,0,T14
T14-023,f,0,T14
T14-024-001,m,0,T14
T14-024-002,m,0,T14
T14-024-003,m,0,T14
T14-025-001,f,0,T14
T14-025-002,f,0,T14
T14-025-003,f,0,T14
T14-025-004,f,0,T14
T14-025-005,f,0,T14
T14-026-001,m,0,T14
T14-026-002,m,0,T14
T14-026-003,m,0,T14
T14-026-004,m,0,T14
T14-026-005,m,0,T14
T14-026-006,m,0,T14
T14-027-001,m,0,T14
T14-027-002,m,0,T14
T14-027-003,m,0,T14
T14-028-001,m,0,T14
T14-028-002,m,0,T14
T14-029-001,m,0,T14
T14-029-002,m,0,T14
T14-029-003,m,0,T14
T14-029-004,m,0,T14
T14-030,m,0,T14
T14-031,m,0,T14
T14-032,m,0,T14
T14-033-001,m,0,T14
T14-033-002,m,0,T14
T14-033-003,m,0,T14
T14-033-004,m,0,T14
T14-034-001,m,0,T14
T14-034-002,m,0,T14
T14-034-003,m,0,T14
T14-035-001,m,0,T14
T14-035-002,m,0,T14
T14-036,f,0,T14
T14-037-001,m,0,T14
T14-037-002,m,0,T14
T14-037-003,m,0,T14
T14-038,m,0,T14
T14-039-001,f,0,T14
T14-039-002,f,0,T14
T14-039-003,f,0,T14
T14-040,m,0,T14
T14-041,f,0,T14
T14-042-001,m,0,T14
T14-042-002,m,0,T14
T14-043-001,m,0,T14
T14-043-002,m,0,T14
T14-044-001,m,0,T14
T14-044-002,m,0,T14
T14-044-003,m,0,T14
T14-045,m,0,T14
T14-046-001,m,0,T14
T14-046-002,m,0,T14
T14-047,m,0,T14
T14-048-001,f,0,T14
T14-048-002,f,0,T14
T14-049,m,0,T14
T14-050,m,0,T14
T14-051,m,0,T14
T14-052,m,0,T14
T14-053-002,m,0,T14
T14-054-001,m,0,T14
T14-054-002,m,0,T14
T14-054-003,m,0,T14
T14-054-004,m,0,T14
T14-055,m,0,T14
T14-056,m,0,T14
T14-057,m,0,T14
T14-058-003,m,0,T14
T14-058-004,m,0,T14
T14-058-005,m,0,T14
T14-058-006,m,0,T14
T14-058-007,m,0,T14
T14-058-008,m,0,T14
T14-058-009,m,0,T14
T14-058-010,m,0,T14
T14-058-011,m,0,T14
T14-059,f,0,T14
T14-060,m,0,T14
T14-061-001,m,0,T14
T14-061-002,m,0,T14
T14-061-003,m,0,T14
T14-062-001,m,0,T14
T14-062-002,m,0,T14
T14-062-003,m,0,T14
T14-062-004,m,0,T14
T14-062-005,m,0,T14
T14-062-006,m,0,T14
T14-062-007,m,0,T14
T14-062-008,m,0,T14
T14-063-001,m,0,T14
T14-063-002,m,0,T14
T14-064-001,m,0,T14
T14-064-002,m,0,T14
T14-064-003,m,0,T14
T14-065-001,f,0,T14
T14-065-002,f,0,T14
T14-066,m,0,T14
T14-067,m,0,T14
T14-068-001,m,0,T14
T14-068-002,m,0,T14
T14-068-003,m,0,T14
T14-068-004,m,0,T14
T14-068-005,m,0,T14
T14-068-006,m,0,T14
T14-068-007,m,0,T14
T14-068-008,m,0,T14
T14-068-009,m,0,T14
T14-068-010,m,0,T14
T14-068-011,m,0,T14
T14-068-012,m,0,T14
T14-069-001,m,0,T14
T14-069-002,m,0,T14
T14-070,m,0,T14
T14-071,m,0,T14
T14-072,m,0,T14
T14-073,m,0,T14
T14-074-001,m,0,T14
T14-074-002,m,0,T14
T14-074-003,m,0,T14
T14-074-004,m,0,T14
T14-074-005,m,0,T14
T14-074-006,m,0,T14
T14-075-001,m,0,T14
T14-075-002,m,0,T14
T14-075-004,m,0,T14
T14-075-005,m,0,T14
T14-076,m,0,T14
T14-077,m,0,T14
T14-078-001,m,0,T14
T14-078-002,m,0,T14
T14-078-003,m,0,T14
T14-079,f,0,T14
T14-080-001,f,0,T14
T14-080-002,f,0,T14
T14-081,m,0,T14
T14-082-001,m,0,T14
T14-082-002,m,0,T14
T14-082-003,m,0,T14
T14-083,m,0,T14
T14-084-001,m,0,T14
T14-084-002,m,0,T14
T77-01-001,m,1,T77a
T77-01-002,m,1,T77a
T77-01-003,m,1,T77a
T77-01-004,m,1,T77a
T77-01-005,m,1,T77a
T77-01-007,m,1,T77a
T77-01-011,m,1,T77a
T77-01-012,m,1,T77a
T77-01-013,m,1,T77a
T77-01-014,m,1,T77a
T77-01-015,m,1,T77a
T77-01-016,m,1,T77a
T77-01-017,m,1,T77a
T77-01-018,f,1,T77a
T77-01-019,m,1,T77a
T77-01-020,m,1,T77a
T77-01-021,m,1,T77a
T77-01-022,m,1,T77a
T77-01-023,m,1,T77a
T77-01-025,m,1,T77a
T77-01-026,f,1,T77a
T77-01-027,m,1,T77a
T77-01-028,m,1,T77a
T77-01-029,m,1,T77a
T77-01-030,m,1,T77a
T77-01-031,m,1,T77a
T77-01-032,m,1,T77a
T77-01-033,m,1,T77a
T77-01-034,m,1,T77a
T77-01-035,m,1,T77a
T77-01-036,m,1,T77a
T77-01-037,f,1,T77a
T77-01-039,m,1,T77a
T77-01-040,m,1,T77a
T77-01-041,m,1,T77a
T77-01-042,f,1,T77a
T77-01-043,m,1,T77a
T77-01-044,m,1,T77a
T77-01-046,m,1,T77a
T77-01-047,f,1,T77a
T77-01-048,f,1,T77a
T77-01-049,m,1,T77a
T77-01-050,m,1,T77a
T77-02-051,m,1,T77a
T77-02-052,m,1,T77a
T77-02-053,f,1,T77a
T77-02-054,m,1,T77a
T77-02-055,m,1,T77a
T77-02-056,m,1,T77a
T77-02-057,m,1,T77a
T77-02-058,m,1,T77a
T77-02-059,m,1,T77a
T77-02-060,m,1,T77a
T77-02-061,f,1,T77a
T77-02-062,m,1,T77a
T77-02-063,m,1,T77a
T77-02-065,m,1,T77a
T77-02-066,m,1,T77a
T77-02-068,f,1,T77a
T77-02-069,m,1,T77a
T77-02-070,m,1,T77a
T77-02-071,m,1,T77a
T77-02-073,m,1,T77a
T77-02-074,m,1,T77a
T77-02-075,m,1,T77a
T77-02-077,m,1,T77a
T77-02-078,m,1,T77a
T77-02-079,m,1,T77a
T77-02-084,m,1,T77a
T77-02-085,m,1,T77a
T77-02-086,m,1,T77a
T77-02-087,m,1,T77a
T77-02-088,m,1,T77a
T77-02-089,m,1,T77a
T77-03-104,m,2,T77b
T77-03-106,m,2,T77b
T77-03-107,m,2,T77b
T77-03-108,m,2,T77b
T77-03-109,m,2,T77b
T77-03-110,m,2,T77b
T77-03-111,m,2,T77b
T77-03-112,m,2,T77b
T77-03-122,f,2,T77b
T77-03-123,f,2,T77b
T77-03-127,m,2,T77b
T77-03-129,m,2,T77b
T77-03-130,m,2,T77b
T77-03-131,f,2,T77b
T77-03-132,m,2,T77b
T77-03-134,m,2,T77b
T77-03-135,m,2,T77b
T77-03-136,m,2,T77b
T77-03-137,m,2,T77b
T77-03-138,m,2,T77b
T77-03-139,m,2,T77b
T77-03-140,m,2,T77b
T77-03-141,m,2,T77b
T77-03-142,f,2,T77b
T77-03-144,m,2,T77b
T77-03-146,m,2,T77b
T77-03-147,m,2,T77b
T77-03-148,m,2,T77b
T77-03-149,m,2,T77b
T77-03-150,m,2,T77b
T77-04-152,m,2,T77b
T77-04-153,m,2,T77b
T77-04-154,f,2,T77b
T77-04-155,f,2,T77b
T77-04-156,f,2,T77b
T77-04-157,f,2,T77b
T77-04-158,f,2,T77b
T77-04-159,f,2,T77b
T77-04-160,f,2,T77b
T77-04-161,f,2,T77b
T77-04-162,f,2,T77b
T77-04-163,f,2,T77b
T77-04-164,m,2,T77b
T77-04-165,f,2,T77b
T77-04-166,f,2,T77b
T77-04-167,f,2,T77b
T77-04-168,f,2,T77b
T77-04-169,f,2,T77b
T77-04-170,f,2,T77b
T77-04-171,f,2,T77b
T77-04-172,f,2,T77b
T77-04-173,f,2,T77b
T77-04-174,f,2,T77b
T77-04-175,f,2,T77b
T77-04-176,f,2,T77b
T77-04-177,f,2,T77b
T77-04-178,f,2,T77b
T77-04-180,m,2,T77b
T77-04-181,m,2,T77b
T77-04-182,f,2,T77b
T77-04-183,f,2,T77b
T77-04-184,f,2,T77b
T77-04-185,f,2,T77b
T77-04-186,f,2,T77b
T77-04-187,f,2,T77b
T77-04-188,f,2,T77b
T77-04-189,f,2,T77b
T77-04-190,f,2,T77b
T77-04-191,f,2,T77b
T77-04-192,f,2,T77b
T77-04-193,f,2,T77b
T77-04-194,f,2,T77b
T77-04-195,f,2,T77b
T77-04-196,f,2,T77b
T77-04-197,f,2,T77b
T77-04-198,f,2,T77b
T77-04-199,m,2,T77b
T77-04-200,f,2,T77b
T77-05-201,f,2,T77b
T77-05-202,f,2,T77b
T77-05-203,f,2,T77b
T77-05-204,f,2,T77b
T77-05-205,f,2,T77b
T77-05-206,f,2,T77b
T77-05-207,f,2,T77b
T77-05-208,f,2,T77b
T77-05-209,f,2,T77b
T77-05-210,f,2,T77b
T77-05-211,m,2,T77b
T77-05-212,m,2,T77b
T77-05-213,m,2,T77b
T77-05-214,m,2,T77b
T77-05-215,m,2,T77b
T77-05-216,f,2,T77b
T77-05-217,f,2,T77b
T77-05-218,f,2,T77b
T77-05-219,f,2,T77b
T77-05-220,m,2,T77b
T77-05-221,m,2,T77b
T77-05-222,f,2,T77b
T77-05-223,f,2,T77b
T77-05-224,f,2,T77b
T77-05-225,m,2,T77b
T77-05-226,m,2,T77b
T77-05-227,m,2,T77b
T77-05-228,m,2,T77b
T77-05-229,m,2,T77b
T77-05-230,m,2,T77b
T77-05-231,m,2,T77b
T77-05-232,m,2,T77b
T77-05-233,m,2,T77b
T77-05-234,m,2,T77b
T77-05-235,f,2,T77b
T77-05-236,f,2,T77b
T77-05-237,f,2,T77b
T77-05-238,f,2,T77b
T77-05-239,f,2,T77b
T77-05-240,f,2,T77b
T77-05-241,f,2,T77b
T77-05-242,f,2,T77b
T77-05-243,m,2,T77b
T77-05-244,m,2,T77b
T77-05-245,m,2,T77b
T77-05-248,f,2,T77b
T77-05-249,f,2,T77b
T77-05-250,f,2,T77b
T77-06-251,f,2,T77b
T77-06-252,f,2,T77b
T77-06-253,f,2,T77b
T77-06-254,f,2,T77b
T77-06-255,f,2,T77b
T77-06-256,f,2,T77b
T77-06-257,f,2,T77b
T77-06-258,f,2,T77b
T77-06-259,f,2,T77b
T77-06-260,m,2,T77b
T77-06-261,m,2,T77b
T77-06-262,m,2,T77b
T77-06-263,m,2,T77b
T77-06-264,m,2,T77b
T77-06-265,m,2,T77b
T77-06-266,m,2,T77b
T77-06-267,m,2,T77b
T77-06-268,m,2,T77b
T77-06-269,m,2,T77b
T77-06-270,m,2,T77b
T77-06-271,m,2,T77b
T77-06-272,f,2,T77b
T77-06-274,m,2,T77b
T77-06-275,m,2,T77b
T77-06-276,m,2,T77b
T77-06-277,f,2,T77b
T77-06-279,m,2,T77b
T77-06-280,m,2,T77b
T77-06-281,m,2,T77b
T77-06-282,m,2,T77b
T77-06-283,m,2,T77b
T77-06-284,m,2,T77b
T77-06-285,f,2,T77b
T77-06-286,f,2,T77b
T77-06-287,f,2,T77b
T77-06-288,f,2,T77b
T77-06-289,f,2,T77b
T77-06-290,f,2,T77b
T77-06-291,f,2,T77b
T77-06-292,f,2,T77b
T77-06-293,f,2,T77b
T77-06-294,f,2,T77b
T77-06-295,f,2,T77b
T77-06-296,f,2,T77b
T77-06-297,f,2,T77b
T77-06-298,f,2,T77b
T77-06-299,f,2,T77b
T77-06-300,f,2,T77b
T77-07-301,f,2,T77b
T77-07-302,f,2,T77b
T77-07-303,f,2,T77b
T77-07-304,f,2,T77b
T77-07-305,f,2,T77b
T77-07-306,m,2,T77b
T77-07-307,m,2,T77b
T77-07-308,m,2,T77b
T77-07-309,f,2,T77b
T77-07-310,f,2,T77b
T77-07-311,m,2,T77b
T77-07-312,m,2,T77b
T77-07-313,m,2,T77b
T77-07-314,f,2,T77b
T77-07-315,f,2,T77b
T77-07-316,f,2,T77b
T77-07-317,f,2,T77b
T77-07-318,f,2,T77b
T77-07-319,f,2,T77b
T77-07-320,f,2,T77b
T77-07-321,m,2,T77b
T77-07-322,f,2,T77b
T77-07-323,f,2,T77b
T77-07-324,f,2,T77b
T77-07-325,f,2,T77b
T77-07-326,m,2,T77b
T77-07-328,m,2,T77b
T77-07-329,m,2,T77b
T77-07-333,m,2,T77b
T77-07-334,f,2,T77b
T77-07-335,f,2,T77b
T77-07-336,f,2,T77b
T77-07-337,f,2,T77b
T77-07-338,f,2,T77b
T77-07-339,f,2,T77b
T77-07-340,f,2,T77b
T77-07-341,f,2,T77b
T77-07-342,f,2,T77b
T77-07-343,f,2,T77b
T77-07-344,m,2,T77b
T77-07-346,f,2,T77b
T77-07-347,f,2,T77b
T77-07-348,f,2,T77b
T77-07-349,f,2,T77b
T77-07-350,f,2,T77b
T77-08-351,f,2,T77b
T77-08-352,f,2,T77b
T77-08-354,m,2,T77b
T77-08-356,m,2,T77b
T77-08-357,m,2,T77b
T77-08-358,m,2,T77b
T77-08-359,m,2,T77b
T77-08-360,m,2,T77b
T77-08-361,m,2,T77b
T77-08-362,m,2,T77b
T77-08-364,m,2,T77b
T77-08-366,m,2,T77b
T77-08-367,m,2,T77b
T77-08-368,m,2,T77b
T77-08-369,m,2,T77b
T77-08-370,f,2,T77b
T77-08-371,f,2,T77b
T77-08-372,f,2,T77b
T77-08-373,f,2,T77b
T77-08-374,f,2,T77b
T77-08-375,m,2,T77b
T77-08-376,m,2,T77b
T77-08-379,m,2,T77b
T77-08-380,f,2,T77b
T77-08-381,m,2,T77b
T77-08-382,m,2,T77b
T77-08-384,m,2,T77b
T77-08-388,f,2,T77b
T77-08-398,m,2,T77b
T77-08-399,m,2,T77b
T77-08-400,f,2,T77b
T77-09-401,f,2,T77b
T77-09-402,f,2,T77b
T77-09-403,f,2,T77b
T77-09-404,f,2,T77b
T77-09-405,f,2,T77b
T77-09-406,f,2,T77b
T77-09-407,f,2,T77b
T77-09-408,m,2,T77b
T77-09-410,m,2,T77b
T77-09-411,m,2,T77b
T77-09-412,m,2,T77b
T77-09-413,f,2,T77b
T77-09-414,f,2,T77b
T77-09-415,f,2,T77b
T77-09-416,f,2,T77b
T77-09-417,f,2,T77b
T77-09-418,f,2,T77b
T77-09-419,f,2,T77b
T77-09-420,f,2,T77b
T77-09-423,f,2,T77b
T77-09-424,f,2,T77b
T77-09-425,m,2,T77b
T77-09-426,m,2,T77b
T77-09-427,m,2,T77b
T77-09-428,f,2,T77b
T77-09-429,f,2,T77b
T77-09-430,f,2,T77b
T77-09-431,f,2,T77b
T77-09-432,f,2,T77b
T77-09-433,m,2,T77b
T77-09-434,f,2,T77b
T77-09-435,f,2,T77b
T77-09-436,f,2,T77b
T77-09-437,f,2,T77b
T77-09-438,f,2,T77b
T77-09-439,f,2,T77b
T77-09-440,f,2,T77b
T77-09-441,m,2,T77b
T77-09-442,m,2,T77b
T77-09-443,f,2,T77b
T77-09-444,f,2,T77b
T77-09-445,f,2,T77b
T77-09-446,f,2,T77b
T77-09-447,f,2,T77b
T77-09-448,f,2,T77b
T77-09-449,f,2,T77b
T77-09-450,f,2,T77b
T77-10-451,m,2,T77b
T77-10-454,m,2,T77b
T77-10-455,f,2,T77b
T77-10-456,f,2,T77b
T77-10-457,f,2,T77b
T77-10-458,m,2,T77b
T77-10-460,m,2,T77b
T77-10-461,f,2,T77b
T77-10-462,f,2,T77b
T77-10-463,f,2,T77b
T77-10-464,f,2,T77b
T77-10-465,f,2,T77b
T77-10-466,m,2,T77b
T77-10-467,f,2,T77b
T77-10-468,m,2,T77b
T77-10-469,m,2,T77b
T77-10-470,m,2,T77b
T77-10-472,f,2,T77b
T77-10-473,f,2,T77b
T77-10-474,f,2,T77b
T77-10-475,m,2,T77b
T77-10-476,m,2,T77b
T77-10-477,f,2,T77b
T77-10-478,f,2,T77b
T77-10-479,f,2,T77b
T77-10-480,f,2,T77b
T77-10-481,f,2,T77b
T77-10-482,f,2,T77b
T77-10-483,f,2,T77b
T77-10-484,f,2,T77b
T77-10-485,m,2,T77b
T77-10-486,m,2,T77b
T77-10-487,m,2,T77b
T77-10-488,m,2,T77b
T77-10-489,f,2,T77b
T77-10-490,f,2,T77b
T77-10-491,f,2,T77b
T77-10-492,f,2,T77b
T77-10-493,f,2,T77b
T77-10-494,f,2,T77b
T77-10-495,f,2,T77b
T77-10-496,f,2,T77b
T77-10-497,m,2,T77b
T77-10-498,f,2,T77b
T77-10-499,f,2,T77b
T77-10-500,f,2,T77b
T77-11-501,f,2,T77b
T77-11-503,m,2,T77b
T77-11-505,m,2,T77b
T77-11-506,m,2,T77b
T77-11-507,m,2,T77b
T77-11-508,m,2,T77b
T77-11-509,m,2,T77b
T77-11-510,f,2,T77b
T77-11-511,f,2,T77b
T77-11-512,f,2,T77b
T77-11-513,f,2,T77b
T77-11-514,f,2,T77b
T77-11-515,f,2,T77b
T77-11-516,f,2,T77b
T77-11-517,f,2,T77b
T77-11-518,f,2,T77b
T77-11-519,f,2,T77b
T77-11-520,f,2,T77b
T77-11-521,f,2,T77b
T77-11-522,f,2,T77b
T77-11-523,m,2,T77b
T77-11-524,f,2,T77b
T77-11-525,f,2,T77b
T77-11-526,m,2,T77b
T77-11-527,f,2,T77b
T77-11-528,f,2,T77b
T77-11-529,m,2,T77b
T77-11-530,f,2,T77b
T77-11-531,f,2,T77b
T77-11-532,f,2,T77b
T77-11-533,f,2,T77b
T77-11-534,f,2,T77b
T77-11-535,f,2,T77b
T77-11-536,f,2,T77b
T77-11-537,f,2,T77b
T77-11-538,f,2,T77b
T77-11-539,f,2,T77b
T77-11-540,f,2,T77b
T77-11-541,f,2,T77b
T77-11-542,f,2,T77b
T77-11-543,f,2,T77b
T77-11-544,m,2,T77b
T77-11-545,m,2,T77b
T77-11-546,f,2,T77b
T77-11-547,f,2,T77b
T77-11-548,m,2,T77b
T77-11-549,m,2,T77b
T77-11-550,m,2,T77b
T77-12-551,m,2,T77b
T77-12-552,m,2,T77b
T77-12-553,m,2,T77b
T77-12-554,f,2,T77b
T77-12-555,f,2,T77b
T77-12-556,m,2,T77b
T77-12-557,m,2,T77b
T77-12-558,m,2,T77b
T77-12-559,m,2,T77b
T77-12-560,f,2,T77b
T77-12-561,m,2,T77b
T77-12-598,m,1,T77a
T77-12-599,m,1,T77a
T77-12-600,m,1,T77a
T77-13-601,m,1,T77a
T77-13-602,m,1,T77a
T77-13-603,m,1,T77a
T77-13-604,m,1,T77a
T77-13-605,m,1,T77a
T77-13-606,m,1,T77a
T77-13-607,m,1,T77a
T77-13-610,m,1,T77a
T77-13-611,m,1,T77a
T77-13-612,m,1,T77a
T77-13-613,m,1,T77a
T77-13-614,m,1,T77a
T77-13-615,m,1,T77a
T77-13-616,m,1,T77a
T77-13-617,m,1,T77a
T77-13-618,m,1,T77a
T77-13-621,m,1,T77a
T77-13-622,m,1,T77a
T77-13-623,m,1,T77a
T77-13-627,m,1,T77a
T77-13-629,m,1,T77a
T77-13-630,m,1,T77a
T77-13-632,m,1,T77a
T77-13-633,m,1,T77a
T77-13-634,m,1,T77a
T77-13-635,f,1,T77a
T77-13-636,m,1,T77a
T77-13-638,f,1,T77a
T77-13-639,m,1,T77a
T77-13-640,m,1,T77a
T77-13-641,m,1,T77a
T77-13-642,m,1,T77a
T77-13-643,m,1,T77a
T77-13-644,f,1,T77a
T77-13-645,m,1,T77a
T77-13-646,m,1,T77a
T77-13-650,m,1,T77a
T77-14-651,m,1,T77a
T77-14-652,m,1,T77a
T77-14-654,m,1,T77a
T77-14-655,m,1,T77a
T77-14-656,m,1,T77a
T77-14-657,m,1,T77a
T77-14-658,m,1,T77a
T77-14-659,m,1,T77a
T77-14-660,f,1,T77a
T77-14-661,f,1,T77a
T77-14-662,m,1,T77a
T77-14-663,m,1,T77a
T77-14-664,m,1,T77a
T77-14-666,m,1,T77a
T77-14-667,m,1,T77a
T77-14-669,m,1,T77a
T77-14-673,m,1,T77a
T77-14-674,m,1,T77a
T77-14-675,f,1,T77a
T77-14-676,m,1,T77a
T77-14-677,m,1,T77a
T77-14-678,m,1,T77a
T77-14-679,m,1,T77a
T77-14-680,m,1,T77a
T77-14-681,m,1,T77a
T77-14-683,m,1,T77a
T77-14-684,m,1,T77a
T77-14-685,m,1,T77a
T77-14-686,m,1,T77a
T77-14-687,m,1,T77a
T77-14-688,f,1,T77a
T77-14-689,f,1,T77a
T77-14-690,f,1,T77a
T77-14-691,m,1,T77a
T77-14-692,m,1,T77a
T77-14-693,m,1,T77a
T77-14-694,m,1,T77a
T77-14-695,m,1,T77a
T77-14-696,m,1,T77a
T77-14-697,m,1,T77a
T77-14-698,m,1,T77a
T77-14-699,m,1,T77a
T77-14-700,m,1,T77a
T77-15-702,m,1,T77a
T77-15-703,m,1,T77a
T77-15-704,m,1,T77a
T77-15-708,m,1,T77a
T77-15-709,m,1,T77a
T77-15-710,m,1,T77a
T77-15-711,m,1,T77a
T77-15-712,m,1,T77a
T77-15-714,m,1,T77a
T77-15-715,m,1,T77a
T77-15-716,m,1,T77a
T77-15-717,f,1,T77a
T77-15-718,m,1,T77a
T77-15-720,m,1,T77a
T77-15-721,m,1,T77a
T77-15-722,f,1,T77a
T77-15-723,m,1,T77a
T77-15-724,m,1,T77a
T77-15-725,m,1,T77a
T77-15-726,m,1,T77a
T77-15-727,m,1,T77a
T77-15-728,m,1,T77a
T77-15-729,m,1,T77a
T77-15-730,m,1,T77a
T77-15-731,f,1,T77a
T77-15-732,f,1,T77a
T77-15-733,m,1,T77a
T77-15-737,m,1,T77a
T77-15-741,m,1,T77a
T77-15-743,f,1,T77a
T77-15-745,m,1,T77a
T77-15-746,m,1,T77a
T77-15-748,m,1,T77a
T77-15-750,m,1,T77a
T77-16-751,m,1,T77a
T77-16-753,m,1,T77a
T77-16-756,f,1,T77a
T77-16-776,m,1,T77a
T77-16-777,m,1,T77a
T77-16-779,m,1,T77a
T77-16-793,f,1,T77a
T77-16-794,f,1,T77a
T77-16-796,f,1,T77a
T77-16-797,f,1,T77a
T77-16-798,f,1,T77a
T77-16-799,m,1,T77a
T77-16-800,m,1,T77a
T77-17-801,f,1,T77a
T77-17-802,f,1,T77a
T77-17-803,f,1,T77a
