Variable,Group,EMM,SE,CI_Lower,CI_Upper,CLD
ct_ra,0-f,2.7269782670650287,0.40161204641185694,2.0432528696530445,3.639495913351014,a
ct_ra,0-m,2.187424861726923,0.2240083517590376,1.7896325158094588,2.673636896643471,a
ct_ra,1-f,1.1463721015725332,0.1873881015628695,0.8321212860750313,1.579299817533245,b
ct_ra,1-m,0.9195536561678448,0.10774049457242077,0.7308784045432793,1.1569351636542706,b
ct_ra,2-f,0.5333722909946169,0.14595391230410024,0.3119640845558787,0.9119190794217512,b
ct_ra,2-m,0.42784052369202474,0.10827806982625032,0.2605310275888117,0.7025939113937877,b
ct_rb,0-f,0.3794031768063255,0.1083254189390434,0.2168052942046325,0.6639449054914094,a
ct_rb,0-m,0.25839290038380247,0.053119191875577114,0.1727008934719316,0.3866042012087508,a
ct_rb,1-f,0.9564067320917243,0.2822731441355182,0.5363146476977618,1.7055544559839342,a
ct_rb,1-m,0.6513617295775234,0.10422303532566224,0.4760178627054106,0.891294499636852,a
ct_rb,2-f,0.10956687184877259,0.035127419650421605,0.058449643748550766,0.2053887523826527,b
ct_rb,2-m,0.07462062400557298,0.025492429475315017,0.03820017371073476,0.1457647174367782,b
ct_rb.st,0-f,0.566113189219064,0.14573329275552457,0.3418064884342901,0.9376186639282905,a
ct_rb.st,0-m,0.5999546463647761,0.11441658397389493,0.4128448415103366,0.8718664774346502,a
ct_rb.st,1-f,0.8657022274718914,0.22849923995373145,0.5160558465531296,1.4522465962850728,a
ct_rb.st,1-m,0.9174526996210236,0.15142862403799262,0.663880684235312,1.2678776111876715,a
ct_rb.st,2-f,0.5356085528584266,0.13340126125059476,0.3287328636078568,0.8726736923914943,a
ct_rb.st,2-m,0.5676264853737232,0.14022739275225948,0.3497682658796489,0.9211808455161303,a
ct_rb.sm,0-f,0.8041837387445784,0.15371554452419414,0.5529075667172373,1.1696556976076677,c
ct_rb.sm,0-m,0.5232013710433215,0.07980057014765715,0.38800786391053477,0.7055003264694892,c
ct_rb.sm,1-f,0.8634632235204339,0.1711778658544001,0.5854594283655459,1.2734763542090994,c
ct_rb.sm,1-m,0.5617685618670101,0.08314753940539561,0.4203110679271295,0.750834182546062,c
ct_rb.sm,2-f,3.509859281629272,0.8542407040105766,2.178319447625086,5.655328556273079,a
ct_rb.sm,2-m,2.2835119635524253,0.46811019595077513,1.5279551681656658,3.412683170506275,b
ct_rb.th,0-f,0.4996527637167149,0.20182459747249978,0.2263824203616999,1.1027927163729025,a
ct_rb.th,0-m,0.4569973853213911,0.1372716386286746,0.25364838289009095,0.8233705565593293,a
ct_rb.th,1-f,0.5024731371138893,0.22619639171519962,0.20793650360576826,1.2142132292449948,a
ct_rb.th,1-m,0.45957698331770974,0.1211842797426006,0.27409925318509193,0.7705639513464172,a
ct_rb.th,2-f,0.11367090825414117,0.055270074706180235,0.04382991060046093,0.2948004047077727,a
ct_rb.th,2-m,0.10396681782131101,0.0451721402937476,0.04436694112274047,0.24362957946518027,a
has_nag-d,0-f,26.865193892957684,0.6857187000476271,25.554273996838003,28.243363243092578,a
has_nag-d,0-m,26.41149574452325,0.4409934766921347,25.56115425799132,27.290125493643767,a
has_nag-d,1-f,21.889199774006244,0.6818692183010637,20.59274084375235,23.26727997898934,b
has_nag-d,1-m,21.519535983461953,0.545680837195939,20.476163607279524,22.616073881089697,b
has_nag-d,2-f,25.182928811843293,0.856424293305963,23.559087537043766,26.918695494687444,a
has_nag-d,2-m,24.75764067807388,0.7386718233421944,23.351388431727123,26.248579339797484,a
has_nag-i,0-f,1.9141212607356874,0.3002833289065453,1.407455700109472,2.603179766521534,b
has_nag-i,0-m,2.8999589029978003,0.32173231329928703,2.3332235580245007,3.60435313202332,a
has_nag-i,1-f,5.090351642107336,0.7946468841326491,3.7485907949632735,6.91237887985016,a
has_nag-i,1-m,7.7120561098856255,0.7283035087833325,6.408925943500036,9.280152394699591,a
has_nag-i,2-f,4.810110748432715,1.2257300726863258,2.9190986683592275,7.926133385958111,a
has_nag-i,2-m,7.287481611254636,1.5391104222369567,4.817307520244358,11.024288570159744,a
has_nag-n,0-f,4.548226980496927,0.21446253530929685,4.1467268226078975,4.988601745680087,a
has_nag-n,0-m,4.292855886345516,0.18348278632463205,3.9478872473737834,4.667968081710147,a
has_nag-n,1-f,5.707583159396358,0.2685586156698757,5.2047599680572345,6.258983261736207,a
has_nag-n,1-m,5.387117236603744,0.2064553537701437,4.997295861342318,5.807347198594291,a
has_nag-n,2-f,5.099493728370605,0.2187497026983685,4.688280815381556,5.546774459493364,a
has_nag-n,2-m,4.8131704426998505,0.22792350959877983,4.38655249092505,5.281279491903225,a
has_iag-d,0-f,17.123411640522523,0.63313532119282,15.926386847674058,18.41040463321433,a
has_iag-d,0-m,17.00091774213188,0.46271618642225637,16.1177755291232,17.93245001783802,a
has_iag-d,1-f,15.703571032460177,0.5923631078579564,14.584440669297964,16.908577350563068,a
has_iag-d,1-m,15.59123409430772,0.4063708968989802,14.814763478169782,16.40840104816405,a
has_iag-d,2-f,14.578701721117072,0.8087129189812515,13.076779866499495,16.25312546690411,a
has_iag-d,2-m,14.474411638931118,0.6904564183360774,13.182476900093206,15.892961078637907,a
has_iag-i,0-f,2.146523253273858,0.2220245209925764,1.7526371247434083,2.628931004482716,a
has_iag-i,0-m,2.227991529153911,0.15456101395066416,1.9447495591998234,2.552486118584864,a
has_iag-i,1-f,3.1671984450372883,0.27963659776404,2.6639216189035904,3.7655559829779115,a
has_iag-i,1-m,3.2874050145648415,0.17959457641008317,2.9535962664074624,3.658940070008602,a
has_iag-i,2-f,2.3129689851584647,0.3219338335073934,1.7607355309097323,3.038403799087785,a
has_iag-i,2-m,2.400754475065224,0.2862515956678795,1.9004461548696692,3.032773138442832,a
has_iag-o,0-f,11.79269967532722,0.7189803276009452,10.464463446292491,13.289526629455022,a
has_iag-o,0-m,11.639017971003694,0.5005256235619401,10.698211337474712,12.662559661241797,a
has_iag-o,1-f,11.69287984320744,0.7033159568637217,10.392558976378533,13.155897343325009,a
has_iag-o,1-m,11.540498984521282,0.45600615185911186,10.6804754808461,12.469774126683923,a
has_iag-o,2-f,13.857271985498654,1.2233815906461836,11.655472496764594,16.47500664888439,a
has_iag-o,2-m,13.676684907506523,1.0259888437010856,11.80662979531415,15.84293852708538,a
has_iag-g,0-f,3.6869030859890577,0.2357618365336286,3.2526024773351323,4.17919326453094,a
has_iag-g,0-m,4.100640537188553,0.19723687866319312,3.7317257767984295,4.506025849964887,a
has_iag-g,1-f,3.980617583557422,0.25254805522846757,3.515170957748081,4.507694373043379,a
has_iag-g,1-m,4.427315132912488,0.18983926692918693,4.070443059258925,4.815475613036718,a
has_iag-g,2-f,4.369378965444812,0.27671886496825016,3.8593301518813963,4.94683579593848,a
has_iag-g,2-m,4.859702598674479,0.2863206931759481,4.329713618564165,5.454566151050734,a
ct_ms,0-f,1.9852850772385389,0.3518515211105821,1.4026995762651098,2.8098367637641006,a
ct_ms,0-m,1.9430109107781564,0.24975003325365464,1.5103020206389859,2.499693006969356,a
ct_ms,1-f,2.5553619021478964,0.4526978519216869,1.8057470005059848,3.616162424259429,a
ct_ms,1-m,2.5009486616231755,0.2792759561560547,2.0093370661917556,3.1128397088345197,a
ct_ms,2-f,3.1888220290255838,0.9110905199410625,1.8215044556879634,5.582520482475718,a
ct_ms,2-m,3.120920046175306,0.7193748518016241,1.9864604762856355,4.903264903025602,a
ct_sn,0-f,4.664890958387118,0.42302131928410697,3.9052864728078336,5.5722436254454735,a
ct_sn,0-m,5.636346894924176,0.35113815183411456,4.988486526639151,6.368345619512869,a
ct_sn,1-f,4.637276908809174,0.4263573674055451,3.872598163753657,5.552948232597131,a
ct_sn,1-m,5.60298226454303,0.3255513114341994,4.999904361497889,6.278802150403291,a
ct_sn,2-f,4.117734896747558,0.5714478761495063,3.137118932505198,5.404876590493921,a
ct_sn,2-m,4.975246475520728,0.5796940640758454,3.959463117395761,6.2516247173586885,a
ct_st,0-f,5.725255978900404,0.4344730829247626,4.93400619965002,6.643395791894197,a
ct_st,0-m,7.813884858392587,0.38920463285283774,7.087110433661805,8.615189103053075,a
ct_st,1-f,4.7587877402556495,0.3621671490322865,4.099356711526859,5.524296212898402,a
ct_st,1-m,6.494839637725611,0.31546221586205775,5.9050631189301965,7.1435209192842475,a
ct_st,2-f,4.763943547985044,0.5513346109174471,3.7971385163225895,5.976910779216947,a
ct_st,2-m,6.501876334093069,0.6224558545281014,5.3895076448480435,7.8438326187830185,a
ct_ho,0-f,2.1017385944046922,0.3347344329456864,1.5381959588818135,2.871744067265237,a
ct_ho,0-m,1.787219859081101,0.1958227032297593,1.441827306196269,2.215351873949782,a
ct_ho,1-f,2.5184728464735566,0.4019959153750608,1.8419142247874107,3.443540091643887,a
ct_ho,1-m,2.141591108312381,0.20972628214920447,1.7675767590406173,2.5947458585572294,a
ct_ho,2-f,1.1485194658061362,0.2938030076972843,0.6956524408800491,1.8962011570991717,a
ct_ho,2-m,0.9766470498731789,0.22379538361081272,0.6232864340258535,1.5303388746407705,a
ct_cm,0-f,0.41327370284522924,0.1274136902803231,0.22584445717797205,0.7562512518463771,a
ct_cm,0-m,0.3405366015508338,0.06217026064023346,0.23810235888465806,0.4870391773479548,a
ct_cm,1-f,0.4468777335183326,0.14353511170179337,0.23811492657323546,0.8386694256777788,a
ct_cm,1-m,0.36822624723853475,0.06541118071144082,0.259961194915403,0.521580035049072,a
ct_cm,2-f,2.516323669400399e-12,1.3954101555033175e-07,0.0,inf,a
ct_cm,2-m,2.07344504351501e-12,1.1498148293822939e-07,0.0,inf,a
ct_bs,0-f,0.8464565704160248,0.20381182374906695,0.5280199733781608,1.3569348920960596,a
ct_bs,0-m,0.6996122303113051,0.10605220841805964,0.5197879366504664,0.9416480035208981,a
ct_bs,1-f,1.1700791886297814,0.26566854429100634,0.7498051908062965,1.8259213519078117,a
ct_bs,1-m,0.9670923936425814,0.1320404444448389,0.7400319984289752,1.2638206183338438,a
ct_bs,2-f,0.047738757566706695,0.023131209595353645,0.01846852444086492,0.12339854119423443,b
ct_bs,2-m,0.03945697844500076,0.01897847268821909,0.015371034114291863,0.10128486713601821,b
ct_ei,0-f,3.3018572789176335,0.437285880797327,2.546996120107474,4.280438986252293,a
ct_ei,0-m,3.5109839128295164,0.3157418312254338,2.9436116670259564,4.187715442982365,a
ct_ei,1-f,2.5309108094841473,0.33107645051170986,1.9585220874033642,3.270583245786222,a
ct_ei,1-m,2.6912087308080275,0.2302436049024321,2.275745577195662,3.182519392920106,a
ct_ei,2-f,1.0936411212056751,0.2438770165161359,0.7064163504980175,1.6931246015877184,b
ct_ei,2-m,1.1629080419310718,0.23241433304360312,0.7860089730540595,1.7205339383510423,b
ct_ea,0-f,0.3797681478268495,0.07095402375237018,0.263320215806634,0.5477127749650061,c
ct_ea,0-m,0.2716967407703295,0.040568047307733404,0.20276284284723783,0.36406630479547575,c
ct_ea,1-f,0.5189409813420884,0.0960887663752564,0.36099964728530437,0.7459833940044197,c
ct_ea,1-m,0.3712648732907598,0.05005976265740618,0.2850437329121565,0.4835665205874991,c
ct_ea,2-f,1.6978039406153311,0.19204631092043567,1.360204685904549,2.1191944496588997,a
ct_ea,2-m,1.2146563627619607,0.16238185218130957,0.9346740588515929,1.5785075723732882,b
ct_bn,0-f,1.0132113612622773,0.1766104150749053,0.7199944924459621,1.4258404381725271,b
ct_bn,0-m,1.449805192309734,0.16366392917178352,1.1620376434575526,1.8088356323760049,a
ct_bn,1-f,0.5482691089445461,0.10087446979166742,0.38228180920985405,0.7863283279007197,b
ct_bn,1-m,0.7845188391300248,0.0930954767293758,0.6217201606862638,0.9899466799830929,b
ct_bn,2-f,0.6828604639496856,0.09807054939995108,0.5153291800563459,0.9048554424466997,b
ct_bn,2-m,0.9771057492129871,0.13992224432274283,0.7379873149988795,1.293701972569166,b
ct_lp,0-f,3.7837379677331016,0.2811802951524977,3.270889352722472,4.376997037991753,e
ct_lp,0-m,4.417556432405015,0.22919971653425347,3.9904191487032703,4.890414792597532,d
ct_lp,1-f,5.692155548699399,0.40769725866799617,4.946636010684476,6.550034148582123,c
ct_lp,1-m,6.645655320966096,0.30485797534705106,6.074218498539454,7.270850506234571,b
ct_lp,2-f,7.573472948703182,0.7358065615307636,6.26031146676567,9.162082878661,b
ct_lp,2-m,8.842114444894635,0.7250491929131453,7.529359067773779,10.38375074861862,a
nt_co.iq,0-f,1.263306373787518,0.1657679862503931,0.9768234872274032,1.633808988952612,a
nt_co.iq,0-m,1.5459833025841965,0.1342515401748261,1.3040293473647488,1.8328302017888685,a
nt_co.iq,1-f,1.830557883898698,0.2317522755459123,1.4283007189560843,2.3461040954686445,a
nt_co.iq,1-m,2.2401627836615683,0.16111804286954523,1.9456246486747781,2.5792895359957924,a
nt_co.iq,2-f,1.397321410002804,0.2705484710950552,0.9560645584381773,2.0422335559032025,a
nt_co.iq,2-m,1.70998548968857,0.2707312179460092,1.2537965001497278,2.3321570722172775,a
nt_co.ro,0-f,0.4346079762941167,0.16140818679976707,0.2098802894422342,0.8999610852473808,a
nt_co.ro,0-m,0.4801627401781136,0.0791455173106283,0.3476036971453966,0.66327331656348,a
nt_co.ro,1-f,0.43055604310109724,0.14005097261395882,0.2275890895856102,0.814531604253998,a
nt_co.ro,1-m,0.47568609121835725,0.06922112449297435,0.35764724572652373,0.6326827903258145,a
nt_co.ro,2-f,0.20240321089341506,0.08251125089855159,0.09103710439920175,0.4500039851918168,a
nt_co.ro,2-m,0.22361872230725183,0.0781909648260601,0.1126873967599431,0.4437526680366367,a
nt_co.us,0-f,2.071272807162862,0.22534825673450887,1.673513167131282,2.5635717279993,b
nt_co.us,0-m,1.569308708793665,0.13605709351869522,1.3240679717553592,1.8599723549167346,b
nt_co.us,1-f,2.302220936742338,0.23693378656247346,1.8816780833339328,2.8167523916651596,b
nt_co.us,1-m,1.7442875477835513,0.1281684315133886,1.5103328830088503,2.0144824254183478,b
nt_co.us,2-f,4.155653606801153,0.5541316159648134,3.199902106989954,5.3968703798767965,a
nt_co.us,2-m,3.148548744197401,0.3639806572581813,2.5102053209989132,3.9492224447369506,b
nt_co.dr,0-f,2.4263866817808815,0.21417329816353706,2.040919172068613,2.8846572711433733,a
nt_co.dr,0-m,2.5915638956877447,0.1709830945656295,2.277206246353531,2.949317145158386,a
nt_co.dr,1-f,2.8904839168696945,0.24322540969748166,2.4510069478025063,3.408761154746257,a
nt_co.dr,1-m,3.087254729954073,0.16127713208077557,2.7868011876305667,3.420101085764032,a
nt_co.dr,2-f,1.9013090929590013,0.26657652705645885,1.4444697533976192,2.5026320270573956,a
nt_co.dr,2-m,2.0307414464700457,0.2451264927759452,1.6029054287409268,2.5727723847379833,a
nt_co.er,0-f,2.2673022758401684,0.2669040424629536,1.8001430683737296,2.8556950279924913,a
nt_co.er,0-m,2.6789154306749925,0.19603776715844032,2.3209711784828735,3.0920624742094516,a
nt_co.er,1-f,1.25860434278561,0.16003616959369182,0.9809702127166263,1.6148144674973866,b
nt_co.er,1-m,1.4870953162844234,0.12316695462086853,1.2642676331480647,1.7491964689537178,b
nt_co.er,2-f,1.2191622607891455,0.21743774975781754,0.859507366644104,1.72931225003445,b
nt_co.er,2-m,1.4404927952160216,0.21549246355564078,1.074420897928866,1.9312910769599037,b
nt_cg.bo,0-f,0.869714403972472,0.1545255342831352,0.6139604282562662,1.2320063470955014,a
nt_cg.bo,0-m,0.883451060709849,0.10621223695040818,0.6979871598999857,1.1181950349648164,a
nt_cg.bo,1-f,0.46814423683671286,0.0947741728120157,0.3148160669249553,0.6961494329819915,b
nt_cg.bo,1-m,0.47553831546256353,0.06783887868295063,0.3595469756159317,0.6289489407763282,b
nt_cg.bo,2-f,0.36173286364590373,0.10799321500139336,0.20149615408946234,0.6493953456966207,b
nt_cg.bo,2-m,0.3674462336393591,0.09631864454715591,0.21982061805852363,0.6142132426349765,b
nt_cg.pc,0-f,1.9920721610462255,0.2529255499973787,1.5532142330716723,2.554928618550884,b
nt_cg.pc,0-m,2.8194782711404067,0.22803007122928348,2.406170446285643,3.3037799685821567,a
nt_cg.pc,1-f,1.2878715102881908,0.1703648051108512,0.9937386567123567,1.669063607225738,ab
nt_cg.pc,1-m,1.8227882555074129,0.14563656978647452,1.5585731319675937,2.131794111079827,ab
nt_cg.pc,2-f,1.3662086665957602,0.27268907356151123,0.9238916797415443,2.02028675180138,ab
nt_cg.pc,2-m,1.933662707924901,0.3170502257139682,1.4022152448465952,2.666531748075895,ab
nt_cg.iv,0-f,0.3273110949974252,0.06998215388887054,0.21526128410615364,0.497686118306264,a
nt_cg.iv,0-m,0.38769959512834706,0.06897650405325334,0.2735622536312696,0.5494580267103886,a
nt_cg.iv,1-f,0.3278407542515344,0.08122043111520569,0.20173592835693238,0.5327735174571921,a
nt_cg.iv,1-m,0.38832697587257675,0.05639786757534812,0.2921292608273343,0.5162024501183784,a
nt_cg.iv,2-f,0.20031531878908515,0.05382380541993209,0.11830421560260145,0.33917833559170707,a
nt_cg.iv,2-m,0.23727325220413018,0.05313871088612125,0.1529738851328727,0.36802749804402207,a
nt_cg.kc,0-f,0.9919741714193205,0.14427086658128957,0.7459388132601615,1.3191601499623975,a
nt_cg.kc,0-m,1.2933948488118387,0.1223490838478015,1.0745124576412912,1.5568644393432058,a
nt_cg.kc,1-f,1.730509808548154,0.23607504998062756,1.3245052706219869,2.260968124403972,a
nt_cg.kc,1-m,2.2563414821497543,0.1721093642867339,1.9430179844845645,2.6201903043220107,a
nt_cg.kc,2-f,1.0532321464972185,0.22745137180227507,0.6897669363278791,1.6082214092787943,a
nt_cg.kc,2-m,1.3732666354945842,0.24512312156530466,0.9678732245115318,1.9484589555769305,a
nt_cg.rc,0-f,0.22705902331498581,0.07236916835241994,0.12157390706512484,0.42406961586862385,a
nt_cg.rc,0-m,0.2566933795778756,0.05176067917625902,0.1728920349670469,0.3811135147531243,a
nt_cg.rc,1-f,0.3341824633836214,0.09968343022894308,0.18624232426358409,0.5996376992970218,a
nt_cg.rc,1-m,0.37779791645893085,0.048993657436349924,0.2930042276422108,0.48713039681802583,a
nt_cg.rc,2-f,0.3261193096514215,0.08983716581030972,0.1900610864045461,0.5595769557012058,a
nt_cg.rc,2-m,0.3686824091720741,0.09208738318348439,0.2259665549209205,0.6015346779106039,a
nt_ta.wd,0-f,0.09949285527376739,0.0288285511220119,0.056383496123665826,0.17556251263340855,a
nt_ta.wd,0-m,0.08609559460857269,0.021319723346131213,0.05299063996723642,0.13988227761707983,a
nt_ta.wd,1-f,0.22928794815954423,0.044557871700221796,0.1566628245039163,0.335580335269007,a
nt_ta.wd,1-m,0.19841306372258108,0.02956474599569618,0.14816174600968895,0.2657078828782606,a
nt_ta.wd,2-f,0.2591132749770786,0.05854202254232499,0.16640863495604336,0.4034627727526401,a
nt_ta.wd,2-m,0.22422224609738498,0.043302200254469396,0.15356531603105128,0.3273891328090675,a
nt_ta.lp,0-f,2.629715540254635,0.14728832162514047,2.3563165661919916,2.9348364824479454,a
nt_ta.lp,0-m,2.3025010640040606,0.11239312197786096,2.09242412227209,2.5336694856982946,a
nt_ta.lp,1-f,3.042443128890418,0.17034252371493178,2.726244336609933,3.395315697947626,a
nt_ta.lp,1-m,2.6638731201944816,0.11865861450480825,2.441169400646636,2.9068937201224063,a
nt_ta.lp,2-f,3.068332390029451,0.22146177423935454,2.6635789762676176,3.5345915174988685,a
nt_ta.lp,2-m,2.6865409906946995,0.17397510487190906,2.3663083453577736,3.05011073845983,a
nt_ta.ed,0-f,1.3066795488302725,0.11597745284019047,1.0980413001309204,1.5549610411991865,a
nt_ta.ed,0-m,1.5075983708998468,0.08011012980788437,1.3584850673309883,1.673079007342598,a
nt_ta.ed,1-f,1.3432974209546433,0.10431366466660179,1.1536449950482806,1.5641275859458648,a
nt_ta.ed,1-m,1.5498467128211229,0.056950996213781614,1.4421496004206653,1.6655864499368067,a
nt_ta.ed,2-f,1.1026608973823393,0.13137921284831414,0.873018600767574,1.3927092201094204,a
nt_ta.ed,2-m,1.2722092222509458,0.12153068988067894,1.054983261459527,1.53416301879634,a
nt_nc,0-f,15.890904598698885,0.45998874193071154,15.014441141019045,16.818531345470415,a
nt_nc,0-m,16.264055355216367,0.364801895565812,15.564545324397862,16.995003135934876,a
nt_nc,1-f,15.467807465221904,0.47850714224627117,14.557817109178504,16.434680143792207,a
nt_nc,1-m,15.831023040613811,0.3414275185206699,15.175783619908424,16.514553501123103,a
nt_nc,2-f,17.443372652464557,0.6534365550310063,16.20854636945685,18.77227251335213,a
nt_nc,2-m,17.8529785160613,0.546571099585892,16.81322574092348,18.95703101869135,a
nt_co.Q,0-f,1.6091768995553082,0.19890023921483094,1.2629673355698223,2.0502907883157033,a
nt_co.Q,0-m,1.9296185524136458,0.15880569013453638,1.6421711743852883,2.2673810233045404,a
nt_co.Q,1-f,2.2432837296431147,0.27075298783394514,1.7707142814462113,2.841972837973289,a
nt_co.Q,1-m,2.689997541130034,0.18606549103686343,2.3489555083822093,3.08055505754101,a
nt_co.Q,2-f,1.715414288129832,0.3162292111479951,1.195236086704178,2.461979028791059,a
nt_co.Q,2-m,2.057011405250415,0.30958553681823103,1.531541135071647,2.7627700127899883,a
count_qr.*,0-f,1.3504383248522016,0.1980236961778501,1.0131119707958314,1.8000810589544798,b
count_qr.*,0-m,2.095114074728397,0.20766875469829554,1.7251869003718625,2.5443637354183903,a
count_qr.*,1-f,2.6571769780954644,0.380785790961003,2.0065008594692166,3.5188569492007575,a
count_qr.*,1-m,4.122431053237003,0.33861185596266413,3.509430630396464,4.8425056878166215,a
count_qr.*,2-f,2.652772772381324,0.5915192961304511,1.7135541782661579,4.106787792965039,a
count_qr.*,2-m,4.115598224806495,0.7444417063555934,2.8871217087730843,5.866794148843981,a
belief,0-f,2.3845867703727057,0.3831220756958207,1.7404195876927826,3.2671742524885117,a
belief,0-m,1.8513593244573086,0.22021734171512297,1.4663618216017769,2.337439026140878,a
belief,1-f,3.0633182619046386,0.5177865695134668,2.199455717784611,4.266473154172139,a
belief,1-m,2.3783168213547943,0.2588227241105703,1.9214843078840411,2.9437611743850507,a
belief,2-f,4.0095602561159005,0.9246271178590976,2.5515547238245255,6.300697099424553,a
belief,2-m,3.1129656757985726,0.6108140238378266,2.1191167007222123,4.572921961021517,a
