Variable,Distribution,Distribution_Initial,Fallback_occurred,Fallback_reason,SE_type,SE_rationale,Dispersion,p_dispersion,Alpha,Alpha_pvalue,Alpha_SE,Length_Model,AIC,AIC_offset,AIC_predictor,AIC_predictor+int,ΔAIC_offset,ΔAIC_predictor,ΔAIC_predictor+int,β_length,SE_length,p_length_vs_1,p_len_x_reg,p_len_x_sex,β_len_x_reg,β_len_x_sex,SE_len_x_reg,SE_len_x_sex,has_sig_reg_unadj,has_sig_sex_unadj,n_outliers,pct_outliers,converged,n_obs,zero_inflated,zero_diagnostics,pct_zeros,CLD_vcov_type,p_len_x_reg_adj,has_sig_reg,p_len_x_sex_adj,has_sig_sex
has_nag-i,NB,NB,False,,NB-MLE,Overdispersion-adjusted,6.119667001879667,0.0,1.3860564711976873,5.223108567005128e-32,0.11770719893136963,predictor+int,2783.231747711569,2912.9528598648667,2886.0732729032025,2783.231747711569,129.72111215329778,102.84152519163354,0.0,2.1344672739935233,0.23163800750316568,9.702072578665621e-07,7.0116077423052045e-09,7.882329001559869e-09,"{'reg1': np.float64(-0.013738623726554804), 'reg2': np.float64(1.5890187116377787)}",-1.2308648744831208,"{'reg1': np.float64(0.1867383850409563), 'reg2': np.float64(0.27441128657375646)}",0.21328614894149991,True,True,17,2.1223470661672907,True,801,False,"{'pct_zeros': np.float64(55.93008739076155), 'extreme_sparsity': np.False_, 'register_warnings': [], 'zero_inflated': np.False_}",55.9,NB-MLE,6.310446968074684e-08,True,2.1282288304211646e-07,True
ct_lp,NB,NB,False,,NB-MLE,Overdispersion-adjusted,2.6365697577510603,0.0,0.20933792109508062,9.251453456729743e-27,0.019548143114120477,predictor+int,3969.436181001332,4110.17275154705,3979.503754940102,3969.436181001332,140.73657054571822,10.067573938770238,0.0,0.29756263475148337,0.07587084727348022,0.0,0.0018651195987334263,0.011764060915595082,"{'reg1': np.float64(0.2542177257922853), 'reg2': np.float64(0.24796422141317534)}",0.1548925229714377,"{'reg1': np.float64(0.08171813060624096), 'reg2': np.float64(0.09237848141205722)}",0.06148617813128769,True,True,12,1.4981273408239701,True,801,False,"{'pct_zeros': np.float64(5.118601747815231), 'extreme_sparsity': np.False_, 'register_warnings': [], 'zero_inflated': np.False_}",5.1,NB-MLE,0.002962248774458971,True,0.03529218274678525,True
has_nag-d,Poisson,Poisson,False,,HC3,Heteroscedasticity-robust,1.2165295241654641,2.388720700319258e-05,,,,predictor+int,4489.887324947376,4676.903383025596,4490.0345598183585,4489.887324947376,187.01605807821943,0.14723487098217447,0.0,1.1033264785277086,0.020538716467548464,4.883997837268339e-07,0.03059178300610306,0.5656958510168018,"{'reg1': np.float64(0.04290247334123398), 'reg2': np.float64(0.06362338956643582)}",0.011129091258769694,"{'reg1': np.float64(0.030886017389140066), 'reg2': np.float64(0.029423363032757888)}",0.01937509396622596,True,False,10,1.2484394506866416,True,801,False,"{'pct_zeros': np.float64(0.4993757802746567), 'extreme_sparsity': np.False_, 'register_warnings': [], 'zero_inflated': False}",0.5,HC3,0.03441575588186595,True,0.7636893988726824,False
belief,NB,NB,False,,NB-MLE,Overdispersion-adjusted,5.21295549011594,0.0,1.5043767252262303,4.663367966461891e-37,0.11828194027680684,predictor,3001.427114173954,3003.00553555471,3001.427114173954,3002.620794100989,1.5784213807560263,0.0,1.1936799270347365,1.161817842327977,0.08673196106013771,0.06208008528670694,,,{},,{},,False,False,11,1.373283395755306,True,801,False,"{'pct_zeros': np.float64(42.94631710362047), 'extreme_sparsity': np.False_, 'register_warnings': [], 'zero_inflated': np.False_}",42.9,NB-MLE,,False,,False
ct_rb.sm,NB,NB,False,,NB-MLE,Overdispersion-adjusted,2.7932757159772854,0.0,1.4243582916851092,5.598726950461978e-20,0.15563677841465048,offset,2140.822695106561,2140.822695106561,2142.481695511275,2144.008206901087,0.0,1.6590004047143339,3.1855117945260645,1.0,0.0,,,,{},,{},,False,False,15,1.8726591760299627,True,801,False,"{'pct_zeros': np.float64(56.803995006242204), 'extreme_sparsity': np.False_, 'register_warnings': [], 'zero_inflated': np.False_}",56.8,NB-MLE,,False,,False
ct_st,NB,NB,False,,NB-MLE,Overdispersion-adjusted,2.6540623395875045,0.0,0.25219199639697665,2.894303596759628e-23,0.025380923272315857,predictor+int,3189.428103685129,3267.651285792529,3267.579369614788,3189.428103685129,78.22318210740013,78.15126592965908,0.0,1.1717156070598207,0.09307454192326503,0.0650483590635702,1.4856722532764922e-10,0.003333917017361833,"{'reg1': np.float64(-0.08923156306350934), 'reg2': np.float64(0.7942550762393698)}",-0.25035966579672164,"{'reg1': np.float64(0.08135000960133687), 'reg2': np.float64(0.12396987564524452)}",0.085297201215717,True,True,9,1.1235955056179776,True,801,False,"{'pct_zeros': np.float64(30.96129837702871), 'extreme_sparsity': np.False_, 'register_warnings': [], 'zero_inflated': np.False_}",31.0,NB-MLE,4.011315083846529e-09,True,0.011251969933596187,True
nt_co.us,NB,NB,False,,NB-MLE,Overdispersion-adjusted,2.0511857469817656,0.0,0.40257010780095437,8.246433358665882e-19,0.045454058487221324,predictor+int,2866.3272680569944,2871.340814963408,2871.1497892180105,2866.3272680569944,5.013546906413467,4.822521161016084,0.0,1.1918133225726002,0.11074946159514842,0.0832811909383655,0.004706544495745529,0.21640895219759382,"{'reg1': np.float64(-0.3743344886914711), 'reg2': np.float64(-0.356027281020124)}",-0.10256976624181335,"{'reg1': np.float64(0.13243928068500668), 'reg2': np.float64(0.13706183220022167)}",0.08297628693621976,True,False,12,1.4981273408239701,True,801,False,"{'pct_zeros': np.float64(24.594257178526842), 'extreme_sparsity': np.False_, 'register_warnings': [], 'zero_inflated': np.False_}",24.6,NB-MLE,0.006051271494529965,True,0.38953611395566884,False
count_qr.*,NB,NB,False,,NB-MLE,Overdispersion-adjusted,5.195833591519319,0.0,0.9832423338476337,1.141980720491098e-26,0.09198356866940557,predictor+int,2407.8549177128684,2530.566267261583,2475.5091114000334,2407.8549177128684,122.71134954871468,67.65419368716493,0.0,1.937691194275206,0.21923740424836818,1.8937908426108763e-05,2.5931982764492357e-08,8.041886441329737e-05,"{'reg1': np.float64(0.08181991194012404), 'reg2': np.float64(1.463662477174503)}",-0.8017219852994603,"{'reg1': np.float64(0.16790408708734103), 'reg2': np.float64(0.26292263532335397)}",0.20332026789854943,True,True,17,2.1223470661672907,True,801,False,"{'pct_zeros': np.float64(57.30337078651685), 'extreme_sparsity': np.False_, 'register_warnings': [], 'zero_inflated': np.False_}",57.3,NB-MLE,1.4003270692825873e-07,True,0.0005428273347897573,True
nt_nc,Poisson,Poisson,False,,HC3,Heteroscedasticity-robust,0.8620176258481973,0.9980065522550762,,,,predictor+int,3903.7440191939904,4083.6033468569085,3913.3612931718035,3903.7440191939904,179.85932766291808,9.617273977813056,0.0,1.0954720003640426,0.03019221117121363,0.0015661421860952984,0.006106766583639137,0.404138109425082,"{'reg1': np.float64(0.08186064890931083), 'reg2': np.float64(0.12534100158372324)}",0.021895006764176897,"{'reg1': np.float64(0.03154901992327815), 'reg2': np.float64(0.045711643756644715)}",0.026245026144517965,True,False,7,0.8739076154806492,True,801,False,"{'pct_zeros': np.float64(1.1235955056179776), 'extreme_sparsity': np.False_, 'register_warnings': [], 'zero_inflated': False}",1.1,HC3,0.007494668079920759,True,0.6012445143259859,False
has_iag-d,NB,NB,False,,NB-MLE,Overdispersion-adjusted,1.5704123760710158,0.0,0.04187834725567422,6.888041392866418e-17,0.005016009854693646,predictor+int,4359.355365070434,4388.786606989421,4388.694635911574,4359.355365070434,29.431241918986416,29.339270841139296,0.0,0.8849969509324307,0.03964657554023959,0.0037232333649257487,5.915146041512772e-05,0.05031985033194413,"{'reg1': np.float64(0.17082285323578802), 'reg2': np.float64(-0.09422228189744204)}",0.06502887943759864,"{'reg1': np.float64(0.04253376490022554), 'reg2': np.float64(0.05346724819475964)}",0.03322487119523051,True,False,2,0.24968789013732834,True,801,False,"{'pct_zeros': np.float64(1.1235955056179776), 'extreme_sparsity': np.False_, 'register_warnings': [], 'zero_inflated': np.False_}",1.1,NB-MLE,0.00012357275980718374,True,0.12351235990568106,False
ct_ra,NB,NB,False,,NB-MLE,Overdispersion-adjusted,2.522317778455766,0.0,1.0453276386109112,8.555813458975981e-18,0.12166460731872142,predictor+int,2223.20085614271,2239.709916124132,2240.250959204525,2223.20085614271,16.50905998142207,17.050103061814752,0.0,1.2345972279446418,0.16377599563685344,0.15202153406230523,5.3148164461455874e-05,0.7255106557100343,"{'reg1': np.float64(0.2034407409439347), 'reg2': np.float64(-0.9707002371635807)}",-0.04900899677093596,"{'reg1': np.float64(0.19251067256061724), 'reg2': np.float64(0.24019306858559059)}",0.1395855868888561,True,False,12,1.4981273408239701,True,801,False,"{'pct_zeros': np.float64(56.803995006242204), 'extreme_sparsity': np.False_, 'register_warnings': [], 'zero_inflated': np.False_}",56.8,NB-MLE,0.00012357275980718374,True,0.9118387924431693,False
ct_ei,NB,NB,False,,NB-MLE,Overdispersion-adjusted,2.9631335111767116,0.0,0.8049033425088717,1.1443836713822713e-19,0.08870168416342049,predictor+int,2507.9474417029264,2533.2577326837195,2514.445367697469,2507.9474417029264,25.31029098079307,6.497925994542584,0.0,1.5294938194875807,0.15730978528021333,0.000762858994832083,0.05644694990043538,0.11037654748033493,"{'reg1': np.float64(-0.2683908214177492), 'reg2': np.float64(0.2712470176895883)}",-0.22700828614732377,"{'reg1': np.float64(0.14069783412006356), 'reg2': np.float64(0.20865490426084013)}",0.1421909593295445,False,False,17,2.1223470661672907,True,801,False,"{'pct_zeros': np.float64(55.181023720349565), 'extreme_sparsity': np.False_, 'register_warnings': [], 'zero_inflated': np.False_}",55.2,NB-MLE,0.058617986435067514,False,0.22924359861300334,False
ct_sn,NB,NB,False,,NB-MLE,Overdispersion-adjusted,3.261608124839614,0.0,0.41334518825955874,3.4831715204683165e-28,0.037548326294646966,predictor+int,3264.572095005196,3297.1636307248236,3294.2661330661745,3264.572095005196,32.5915357196277,29.694038060978528,0.0,0.9039840190807995,0.10341209369746047,0.3531590378519138,7.638416255713246e-06,0.18323035308061786,"{'reg1': np.float64(-0.058315978339789076), 'reg2': np.float64(0.6162509582392102)}",-0.12172951658129268,"{'reg1': np.float64(0.09784168133483173), 'reg2': np.float64(0.13770737476499403)}",0.09146582101709964,True,False,13,1.6229712858926344,True,801,False,"{'pct_zeros': np.float64(29.33832709113608), 'extreme_sparsity': np.False_, 'register_warnings': [], 'zero_inflated': np.False_}",29.3,NB-MLE,2.291524876713974e-05,True,0.35337282379833446,False
has_iag-o,NB,NB,False,,NB-MLE,Overdispersion-adjusted,2.9148479333164303,0.0,0.1793621089278298,2.4639395990364744e-29,0.015951048415139328,predictor+int,4169.926690297207,4228.916700776195,4204.3803506783115,4169.926690297207,58.99001047898855,34.45366038110478,0.0,1.237968337371129,0.06556477754092364,0.0002839543351180751,0.0006677765594900923,0.06007083333395855,"{'reg1': np.float64(-0.2005576097356583), 'reg2': np.float64(0.297300783794375)}",-0.10602974000087294,"{'reg1': np.float64(0.06900855756785582), 'reg2': np.float64(0.08737771613762334)}",0.05639059872386865,True,False,2,0.24968789013732834,True,801,False,"{'pct_zeros': np.float64(8.489388264669163), 'extreme_sparsity': np.False_, 'register_warnings': [], 'zero_inflated': np.False_}",8.5,NB-MLE,0.001201997807082166,True,0.13515937500140676,False
ct_ea,NB,NB,False,,NB-MLE,Overdispersion-adjusted,1.8012708814101768,0.0,1.4192958488860599,8.667036646169041e-10,0.23144958346001512,offset,1479.7126921307367,1479.7126921307367,1481.643193208406,1487.5761683886271,0.0,1.9305010776693052,7.863476257890397,1.0,0.0,,,,{},,{},,False,False,15,1.8726591760299627,True,801,False,"{'pct_zeros': np.float64(70.66167290886392), 'extreme_sparsity': np.False_, 'register_warnings': [], 'zero_inflated': np.False_}",70.7,NB-MLE,,False,,False
nt_cg.pc,NB,NB,False,,NB-MLE,Overdispersion-adjusted,2.030268350927583,0.0,0.47711682962647506,1.5219637575752706e-14,0.062078742152568665,predictor+int,2061.407377723582,2115.0188310448175,2110.7961598053193,2061.407377723582,53.61145332123533,49.38878208173719,0.0,1.3986719478325675,0.15683700573789774,0.011023569824554436,1.6297441714087866e-06,0.022101107638341538,"{'reg1': np.float64(-0.3113504548663983), 'reg2': np.float64(1.0417715271061805)}",-0.34300039560035217,"{'reg1': np.float64(0.13202467959561154), 'reg2': np.float64(0.21727876348092856)}",0.14987177290469092,True,True,14,1.7478152309612984,True,801,False,"{'pct_zeros': np.float64(54.931335830212234), 'extreme_sparsity': np.False_, 'register_warnings': [], 'zero_inflated': np.False_}",54.9,NB-MLE,6.286156089719606e-06,True,0.05967299062352215,False
nt_co.er,NB,NB,False,,NB-MLE,Overdispersion-adjusted,1.5734638964340297,0.0,0.2817139817083165,4.6338544189859054e-09,0.04807558291585499,predictor+int,1988.5383232172608,2030.2856608067686,2010.550433438354,1988.5383232172608,41.74733758950788,22.01211022109328,0.0,1.0850030614668227,0.12920838209311325,0.51061797328285,4.076768689566572e-06,0.8442951781881197,"{'reg1': np.float64(0.306370346302916), 'reg2': np.float64(0.8776783820308397)}",-0.024712853879836683,"{'reg1': np.float64(0.12049776010012331), 'reg2': np.float64(0.19049197265322657)}",0.12582762477842407,True,False,16,1.9975031210986267,True,801,False,"{'pct_zeros': np.float64(55.68039950062422), 'extreme_sparsity': np.False_, 'register_warnings': [], 'zero_inflated': np.False_}",55.7,NB-MLE,1.375909432728718e-05,True,0.9118387924431693,False
has_nag-n,Poisson,Poisson,False,,HC3,Heteroscedasticity-robust,1.0320344976550797,0.25777787398171004,,,,predictor,3368.418937096898,4342.709888892416,3368.418937096898,3369.6428357686573,974.2909517955177,0.0,1.2238986717593434,0.2340132859525215,0.03210536759857145,0.0,,,{},,{},,False,False,9,1.1235955056179776,True,801,False,"{'pct_zeros': np.float64(1.6229712858926344), 'extreme_sparsity': np.False_, 'register_warnings': [], 'zero_inflated': False}",1.6,HC3,,False,,False
ct_ho,NB,NB,False,,NB-MLE,Overdispersion-adjusted,2.893789825803774,0.0,0.9429735894894159,1.026006168934755e-18,0.10676494983774178,predictor+int,2064.6015561191634,2067.2670763288716,2065.2391887979466,2064.6015561191634,2.66552020970812,0.6376326787831204,0.0,1.0076465012261886,0.1824623807087231,0.9665726166181339,0.05581031772534019,0.9239633200550108,"{'reg1': np.float64(0.3050765628454694), 'reg2': np.float64(0.5210540432647707)}",-0.016238618886846697,"{'reg1': np.float64(0.16491319372559976), 'reg2': np.float64(0.2724445853992197)}",0.17014024493391772,False,False,21,2.6217228464419478,True,801,False,"{'pct_zeros': np.float64(60.54931335830213), 'extreme_sparsity': np.False_, 'register_warnings': [], 'zero_inflated': np.False_}",60.5,NB-MLE,0.058617986435067514,False,0.9276006056371138,False
nt_cg.kc,NB,NB,False,,NB-MLE,Overdispersion-adjusted,1.80446579258139,0.0,0.5026023132388354,8.539671597984041e-11,0.07743334501526715,predictor+int,1781.8666435130312,1846.8284059135221,1848.4009821575041,1781.8666435130312,64.9617624004909,66.53433864447288,0.0,1.2657829611925941,0.1699063195816886,0.11774919690333463,1.5818277339805334e-08,0.0004759618616388795,"{'reg1': np.float64(-0.04863983263667832), 'reg2': np.float64(1.4256084395303947)}",-0.5614707977546609,"{'reg1': np.float64(0.13579962590906305), 'reg2': np.float64(0.2522110006821765)}",0.16069882418309847,True,True,13,1.6229712858926344,True,801,False,"{'pct_zeros': np.float64(59.425717852684144), 'extreme_sparsity': np.False_, 'register_warnings': [], 'zero_inflated': np.False_}",59.4,NB-MLE,1.0677337204368601e-07,True,0.0025701940528499493,True
has_iag-g,NB,NB,False,,NB-MLE,Overdispersion-adjusted,1.506141001692689,0.0,0.12254920948989871,4.698366336729739e-13,0.01694131135053849,predictor,3217.1887610895483,3226.7557051636804,3217.1887610895483,3222.233724370336,9.566944074132152,0.0,5.04496328078767,0.88485215439072,0.03331729525948693,0.0005480555302670442,,,{},,{},,False,False,8,0.9987515605493134,True,801,False,"{'pct_zeros': np.float64(12.359550561797752), 'extreme_sparsity': np.False_, 'register_warnings': [], 'zero_inflated': np.False_}",12.4,NB-MLE,,False,,False
ct_bs,NB,NB,False,,NB-MLE,Overdispersion-adjusted,3.3429549049816125,0.0,2.198999966398089,4.167556610242618e-15,0.28013510582127776,predictor,1270.141380516319,1271.8123891977793,1270.141380516319,1272.7277177020367,1.6710086814603073,0.0,2.586337185717639,1.2336402079412174,0.12453449571709471,0.06064040262022252,,,{},,{},,False,False,15,1.8726591760299627,True,801,False,"{'pct_zeros': np.float64(78.52684144818977), 'extreme_sparsity': np.False_, 'register_warnings': [np.int64(2)], 'zero_inflated': np.False_}",78.5,NB-MLE,,False,,False
nt_co.dr,NB,NB,False,,NB-MLE,Overdispersion-adjusted,1.5439517285632682,0.0,0.26858809413079127,1.0925062043992538e-14,0.03475519484850751,predictor+int,2526.882701155906,2537.5304316504844,2537.2059456441175,2526.882701155906,10.647730494578354,10.323244488211458,0.0,1.1066072584962372,0.10720453003217462,0.32001421477673153,0.2530957348474362,0.0009636731869101338,"{'reg1': np.float64(0.05580531910815969), 'reg2': np.float64(0.16578218045075732)}",-0.30359474909899276,"{'reg1': np.float64(0.10647532973668174), 'reg2': np.float64(0.14505874336602229)}",0.09197268373724288,False,True,6,0.7490636704119851,True,801,False,"{'pct_zeros': np.float64(33.83270911360799), 'extreme_sparsity': np.False_, 'register_warnings': [], 'zero_inflated': np.False_}",33.8,NB-MLE,0.2530957348474362,False,0.004336529341095603,True
ct_ms,NB,NB,False,,NB-MLE,Overdispersion-adjusted,3.8699025688919884,0.0,1.663277024721653,3.0071387882308596e-24,0.163716946882707,predictor+int,2306.5303610221586,2335.7710319743846,2323.378224426635,2306.5303610221586,29.240670952226083,16.847863404476357,0.0,1.1612668648182471,0.19456535514816903,0.40718530575334944,0.00039873107194982353,0.42309799156273087,"{'reg1': np.float64(-0.30349448458897244), 'reg2': np.float64(0.9924177875669745)}",0.13929171517620564,"{'reg1': np.float64(0.19240240048725482), 'reg2': np.float64(0.2802709916285734)}",0.17388465233023281,True,False,14,1.7478152309612984,True,801,False,"{'pct_zeros': np.float64(61.42322097378277), 'extreme_sparsity': np.False_, 'register_warnings': [], 'zero_inflated': np.False_}",61.4,NB-MLE,0.0007689813530460883,True,0.6012445143259859,False
nt_co.iq,Poisson,Poisson,False,,HC3,Heteroscedasticity-robust,1.445316183048511,1.887379141862766e-15,,,,predictor+int,1973.9049029081834,2084.334676958947,2071.7241558216892,1973.9049029081834,110.42977405076363,97.8192529135058,0.0,1.189959295387077,0.1207742368543881,0.11575444291520642,2.192274897881568e-07,7.522008694518832e-06,"{'reg1': np.float64(0.032434278532214506), 'reg2': np.float64(1.05480534545939)}",-0.5255000740247133,"{'reg1': np.float64(0.12204601937750795), 'reg2': np.float64(0.20354204430569664)}",0.1173421842298904,True,True,18,2.247191011235955,True,801,False,"{'pct_zeros': np.float64(53.68289637952559), 'extreme_sparsity': np.False_, 'register_warnings': [], 'zero_inflated': False}",53.7,HC3,9.865237040467056e-07,True,0.00010154711737600424,True
ct_rb,NB,NB,False,,NB-MLE,Overdispersion-adjusted,2.6060008409339908,0.0,3.0662255246606,2.0091645052932561e-10,0.4820625156968019,predictor+int,990.5460922639425,996.9062924115747,994.6803928686722,990.5460922639425,6.360200147632213,4.134300604729788,0.0,0.6061447889487369,0.31072002727171816,0.2049563507409069,0.0022602380960150934,0.27360372598470417,"{'reg1': np.float64(0.5006331508456864), 'reg2': np.float64(1.3484610601443323)}",0.33367000356328197,"{'reg1': np.float64(0.3265200369291411), 'reg2': np.float64(0.4415799668404435)}",0.3047767881428797,True,False,18,2.247191011235955,True,801,False,"{'pct_zeros': np.float64(83.89513108614233), 'extreme_sparsity': np.True_, 'register_warnings': [np.int64(2)], 'zero_inflated': np.False_}",83.9,NB-MLE,0.0033903571440226403,True,0.4617062875991883,False
nt_co.Q,NB,NB,False,,NB-MLE,Overdispersion-adjusted,1.5862962366443178,0.0,0.35655576621782104,2.0670436831710173e-13,0.04854806401745821,predictor+int,2016.9534896895268,2095.345751884743,2090.771975184155,2016.9534896895268,78.39226219521629,73.81848549462825,0.0,1.4377555828213453,0.15326901340870208,0.004288451870374299,6.210853918636303e-09,6.0088733512466544e-05,"{'reg1': np.float64(0.035062323461715825), 'reg2': np.float64(1.2468786859861758)}",-0.5782546404312009,"{'reg1': np.float64(0.12342554663957493), 'reg2': np.float64(0.21457291048539945)}",0.14411466795320205,True,True,9,1.1235955056179776,True,801,False,"{'pct_zeros': np.float64(52.9338327091136), 'extreme_sparsity': np.False_, 'register_warnings': [], 'zero_inflated': np.False_}",52.9,NB-MLE,6.310446968074684e-08,True,0.000540798601612199,True
has_iag-i,Poisson,Poisson,False,,HC3,Heteroscedasticity-robust,1.477620344101988,0.0,,,,predictor+int,2951.4200505107215,3060.075864717569,2961.2320720016605,2951.4200505107215,108.65581420684748,9.81202149093906,0.0,0.5598540525150745,0.11104754683721228,7.383379364633846e-05,0.027730797428593017,0.7539897472418611,"{'reg1': np.float64(0.2684536610929848), 'reg2': np.float64(0.16841200145301774)}",-0.029294306323144254,"{'reg1': np.float64(0.12196485966908788), 'reg2': np.float64(0.13185108472515752)}",0.09347766902051755,True,False,19,2.3720349563046192,True,801,False,"{'pct_zeros': np.float64(13.732833957553058), 'extreme_sparsity': np.False_, 'register_warnings': [], 'zero_inflated': False}",13.7,HC3,0.03255354480747876,True,0.9118387924431693,False
nt_ta.lp,Poisson,Poisson,False,,HC3,Heteroscedasticity-robust,0.6614215570067473,0.9999999999999939,,,,predictor+int,2777.505207016741,3422.910673103878,2784.74826931718,2777.505207016741,645.4054660871366,7.243062300438851,0.0,0.26230241949762934,0.05543923551291457,0.0,5.848210309609592e-05,0.8355258138112656,"{'reg1': np.float64(-0.03783499232543069), 'reg2': np.float64(-0.2777849659594353)}",0.008309402949071926,"{'reg1': np.float64(0.0782164889267584), 'reg2': np.float64(0.06912045680945329)}",0.04002220139588919,True,False,3,0.37453183520599254,True,801,False,"{'pct_zeros': np.float64(3.495630461922597), 'extreme_sparsity': np.False_, 'register_warnings': [], 'zero_inflated': False}",3.5,HC3,0.00012357275980718374,True,0.9118387924431693,False
ct_bn,NB,NB,False,,NB-MLE,Overdispersion-adjusted,2.5260528812987912,0.0,1.444290659675566,6.526514870819157e-16,0.17876952728773313,offset,1847.736039759547,1847.736039759547,1849.2771062274878,1850.2944683794183,0.0,1.5410664679407091,2.558428619871165,1.0,0.0,,,,{},,{},,False,False,18,2.247191011235955,True,801,False,"{'pct_zeros': np.float64(65.04369538077404), 'extreme_sparsity': np.False_, 'register_warnings': [], 'zero_inflated': np.False_}",65.0,NB-MLE,,False,,False
ct_rb.st,NB,NB,False,,NB-MLE,Overdispersion-adjusted,3.8831277210354616,0.0,4.260289124148833,1.5087063938201231e-15,0.534123151520415,offset,1314.4036459969498,1314.4036459969498,1315.7019475232673,1320.2375265019273,0.0,1.298301526317573,5.833880504977515,1.0,0.0,,,,{},,{},,False,False,17,2.1223470661672907,True,801,False,"{'pct_zeros': np.float64(80.14981273408239), 'extreme_sparsity': np.True_, 'register_warnings': [], 'zero_inflated': np.False_}",80.1,NB-MLE,,False,,False
nt_ta.ed,Poisson,Poisson,False,,HC3,Heteroscedasticity-robust,0.8095170793866918,0.9999757856590651,,,,predictor+int,1776.174441763273,1966.1830302318356,1799.7770484993575,1776.174441763273,190.0085884685625,23.602606736084454,0.0,0.6223397259874599,0.11105833968813895,0.0006724858186986094,0.003218133736667127,0.0018500754291662354,"{'reg1': np.float64(-0.1255382776182002), 'reg2': np.float64(0.44506487197135614)}",-0.2739747822724161,"{'reg1': np.float64(0.12101289781834401), 'reg2': np.float64(0.1510694146396031)}",0.08800139354826193,True,True,6,0.7490636704119851,True,801,False,"{'pct_zeros': np.float64(38.07740324594257), 'extreme_sparsity': np.False_, 'register_warnings': [], 'zero_inflated': False}",38.1,HC3,0.004573137415263812,True,0.0071360052267840516,True
nt_cg.bo,NB,NB,False,,NB-MLE,Overdispersion-adjusted,1.5703508092616587,0.0,0.6809509539827663,2.6147195694897173e-08,0.12235319026038707,predictor+int,1380.6846057363978,1391.267652444959,1386.1558937060647,1380.6846057363978,10.583046708561142,5.471287969666946,0.0,1.0261223260943901,0.18703348467962178,0.8889234372971215,0.0012935791415739453,0.9276006056371138,"{'reg1': np.float64(0.6615626833963382), 'reg2': np.float64(-0.003995825293034057)}",0.01573636087776846,"{'reg1': np.float64(0.20562025021161723), 'reg2': np.float64(0.2940898916652016)}",0.17318574985809215,True,False,26,3.245942571785269,True,801,False,"{'pct_zeros': np.float64(70.91136079900124), 'extreme_sparsity': np.False_, 'register_warnings': [], 'zero_inflated': np.False_}",70.9,NB-MLE,0.002182914801406033,True,0.9276006056371138,False
ct_cm,NB,NB,False,,NB-MLE,Overdispersion-adjusted,2.413428627210221,0.0,3.686869913274497,8.643381500081346e-09,0.6405925008011051,offset,748.6750471422848,748.6750471422848,750.6588334034785,751.0213126436231,0.0,1.9837862611936998,2.34626550133828,1.0,0.0,,,,{},,{},,False,False,10,1.2484394506866416,True,801,False,"{'pct_zeros': np.float64(87.89013732833958), 'extreme_sparsity': np.True_, 'register_warnings': [np.int64(2)], 'zero_inflated': np.False_}",87.9,NB-MLE,,False,,False
ct_rb.th,NB,NB,False,,NB-MLE,Overdispersion-adjusted,4.742622242133763,0.0,10.912959805189276,2.3284318057210664e-10,1.7218439307910915,predictor,780.6510951326213,785.9889101575303,780.6510951326213,783.6263126765202,5.337815024908991,0.0,2.975217543898907,1.6732068413301773,0.2580472091549208,0.009084666433511135,,,{},,{},,False,False,14,1.7478152309612984,True,801,False,"{'pct_zeros': np.float64(90.63670411985018), 'extreme_sparsity': np.True_, 'register_warnings': [np.int64(2)], 'zero_inflated': np.False_}",90.6,NB-MLE,,False,,False
nt_cg.iv,Poisson,Poisson,False,,HC3,Heteroscedasticity-robust,1.3466142496077558,1.752180622816013e-10,,,,offset,1023.9501303749146,1023.9501303749146,1024.1114109669859,1029.823645677644,0.0,0.16128059207130718,5.873515302729402,1.0,0.0,,,,{},,{},,False,False,30,3.7453183520599254,True,801,False,"{'pct_zeros': np.float64(81.27340823970037), 'extreme_sparsity': np.True_, 'register_warnings': [], 'zero_inflated': False}",81.3,HC3,,False,,False
nt_co.ro,NB,NB,False,,NB-MLE,Overdispersion-adjusted,1.560011267804483,0.0,2.213021415678025,3.833182282659839e-10,0.35347976552388727,predictor+int,932.8473405667687,962.503104372865,943.7023190439093,932.8473405667687,29.655763806096274,10.854978477140548,0.0,1.7730500573403143,0.4884688657602984,0.11351302285119647,0.00386863643177543,0.29528372658253565,"{'reg1': np.float64(0.26757603246770695), 'reg2': np.float64(2.176713203197057)}",-0.4990664042094584,"{'reg1': np.float64(0.34093417585986013), 'reg2': np.float64(0.7535323667546049)}",0.47684503756078783,True,False,11,1.373283395755306,True,801,False,"{'pct_zeros': np.float64(83.645443196005), 'extreme_sparsity': np.True_, 'register_warnings': [np.int64(2)], 'zero_inflated': np.False_}",83.6,NB-MLE,0.005222659182896831,True,0.4689800363369684,False
nt_ta.wd,Poisson,Poisson,False,,HC3,Heteroscedasticity-robust,0.8464713358209854,0.9993691652486404,,,,predictor,755.6507810195453,805.4955968424551,755.6507810195453,757.1194421602994,49.84481582290982,0.0,1.4686611407540795,-0.01057605508574444,0.1374297647852384,1.9317880628477724e-13,,,{},,{},,False,False,15,1.8726591760299627,True,801,False,"{'pct_zeros': np.float64(83.02122347066168), 'extreme_sparsity': np.True_, 'register_warnings': [], 'zero_inflated': False}",83.0,HC3,,False,,False
nt_cg.rc,Poisson,Poisson,False,,HC3,Heteroscedasticity-robust,1.0367222983739297,0.22909893858539,,,,predictor+int,919.7915644750884,939.0259714945109,936.5909743858733,919.7915644750884,19.23440701942252,16.799409910784902,0.0,1.1373973059215352,0.2741163080158149,0.6162041575557917,5.94979954627181e-05,0.7896879713357852,"{'reg1': np.float64(-0.050639136578437174), 'reg2': np.float64(1.3399104441523002)}",-0.06940759993179935,"{'reg1': np.float64(0.2531712830396425), 'reg2': np.float64(0.33374334659651217)}",0.26023053136019864,True,False,26,3.245942571785269,True,801,False,"{'pct_zeros': np.float64(82.52184769038702), 'extreme_sparsity': np.True_, 'register_warnings': [np.int64(2)], 'zero_inflated': False}",82.5,HC3,0.00012357275980718374,True,0.9118387924431693,False
